actual,predicted
anger,anger
anger,anger
anger,neutral
anger,surprise
anger,neutral
anger,surprise
anger,anger
anger,anger
anger,anger
anger,fear
anger,fear
anger,sadness
anger,sadness
anger,neutral
anger,fear
anger,anger
anger,anger
anger,anger
anger,anger
anger,surprise
anger,anger
anger,anger
anger,surprise
anger,anger
anger,anger
anger,anger
anger,sadness
anger,anger
anger,anger
anger,fear
anger,neutral
anger,anger
anger,anger
anger,anger
anger,surprise
anger,neutral
anger,neutral
anger,contempt
anger,anger
anger,anger
anger,anger
anger,anger
anger,anger
anger,anger
anger,anger
anger,disgust
anger,anger
anger,fear
anger,anger
anger,anger
anger,neutral
anger,anger
anger,anger
anger,neutral
anger,surprise
anger,happiness
anger,anger
anger,sadness
anger,anger
anger,anger
anger,neutral
anger,surprise
anger,neutral
anger,fear
anger,anger
anger,neutral
anger,sadness
anger,contempt
anger,anger
anger,anger
anger,neutral
anger,surprise
anger,neutral
anger,anger
anger,disgust
anger,anger
anger,anger
anger,anger
anger,anger
anger,fear
anger,anger
anger,neutral
anger,anger
anger,anger
anger,anger
anger,neutral
anger,anger
anger,anger
anger,surprise
anger,anger
anger,anger
anger,anger
anger,anger
anger,happiness
anger,anger
anger,sadness
anger,anger
anger,anger
anger,anger
anger,anger
anger,neutral
anger,sadness
anger,sadness
anger,anger
anger,anger
anger,anger
anger,anger
anger,anger
anger,anger
anger,neutral
anger,anger
anger,anger
anger,anger
anger,anger
anger,anger
anger,anger
anger,neutral
anger,fear
anger,anger
anger,disgust
anger,anger
anger,anger
anger,anger
anger,anger
anger,anger
anger,neutral
anger,anger
anger,neutral
anger,anger
anger,sadness
anger,anger
anger,neutral
anger,anger
anger,surprise
anger,happiness
anger,anger
anger,disgust
anger,anger
anger,happiness
anger,anger
anger,anger
anger,anger
anger,surprise
anger,anger
anger,anger
anger,neutral
anger,sadness
anger,anger
anger,anger
anger,disgust
anger,neutral
anger,disgust
anger,anger
anger,anger
anger,anger
anger,anger
anger,anger
anger,anger
anger,anger
anger,neutral
anger,neutral
anger,anger
anger,neutral
anger,surprise
anger,anger
anger,anger
anger,anger
anger,anger
anger,anger
anger,anger
anger,anger
anger,fear
anger,anger
anger,neutral
anger,anger
anger,neutral
anger,anger
anger,happiness
anger,anger
anger,fear
anger,anger
anger,contempt
anger,sadness
anger,anger
anger,happiness
anger,neutral
anger,anger
anger,anger
anger,anger
anger,anger
anger,neutral
anger,anger
anger,happiness
anger,anger
anger,surprise
anger,anger
anger,anger
anger,anger
anger,anger
anger,fear
anger,disgust
anger,sadness
anger,anger
anger,anger
anger,anger
anger,anger
anger,sadness
anger,anger
anger,surprise
anger,disgust
anger,anger
anger,neutral
anger,anger
anger,anger
anger,neutral
anger,anger
anger,anger
anger,neutral
anger,anger
anger,happiness
anger,anger
anger,neutral
anger,happiness
anger,happiness
anger,fear
anger,neutral
anger,happiness
anger,fear
anger,anger
anger,contempt
anger,neutral
anger,fear
anger,disgust
anger,happiness
anger,anger
anger,surprise
anger,anger
anger,anger
anger,anger
anger,anger
anger,anger
anger,neutral
anger,anger
anger,happiness
anger,anger
anger,anger
anger,anger
anger,neutral
anger,sadness
anger,anger
anger,anger
anger,anger
anger,anger
anger,anger
anger,neutral
anger,anger
anger,anger
anger,happiness
anger,anger
anger,surprise
anger,anger
anger,anger
anger,fear
anger,anger
anger,anger
anger,neutral
anger,anger
anger,anger
anger,anger
anger,anger
anger,anger
anger,anger
anger,anger
anger,neutral
anger,anger
anger,anger
anger,anger
anger,surprise
anger,anger
anger,anger
anger,disgust
anger,anger
anger,anger
anger,happiness
anger,fear
anger,anger
anger,anger
anger,anger
anger,anger
anger,anger
anger,anger
anger,anger
anger,anger
anger,anger
anger,sadness
anger,surprise
anger,anger
anger,anger
anger,anger
anger,surprise
anger,surprise
anger,anger
anger,anger
anger,neutral
anger,anger
anger,fear
anger,sadness
anger,neutral
anger,sadness
anger,anger
anger,fear
anger,surprise
anger,neutral
anger,anger
anger,happiness
anger,anger
anger,anger
anger,surprise
anger,surprise
anger,anger
anger,anger
anger,happiness
anger,anger
anger,anger
anger,anger
anger,anger
anger,anger
anger,anger
anger,anger
anger,sadness
anger,anger
anger,disgust
anger,anger
contempt,anger
contempt,happiness
contempt,neutral
contempt,neutral
contempt,neutral
contempt,contempt
contempt,sadness
contempt,neutral
contempt,sadness
contempt,contempt
contempt,anger
contempt,contempt
contempt,contempt
contempt,sadness
contempt,anger
contempt,sadness
contempt,anger
contempt,contempt
contempt,anger
contempt,contempt
contempt,neutral
contempt,sadness
contempt,contempt
contempt,contempt
contempt,neutral
contempt,sadness
contempt,contempt
contempt,neutral
contempt,neutral
contempt,neutral
contempt,fear
contempt,surprise
contempt,neutral
contempt,contempt
contempt,sadness
contempt,sadness
contempt,contempt
contempt,contempt
contempt,contempt
disgust,neutral
disgust,neutral
disgust,neutral
disgust,neutral
disgust,disgust
disgust,contempt
disgust,anger
disgust,disgust
disgust,disgust
disgust,anger
disgust,anger
disgust,disgust
disgust,happiness
disgust,happiness
disgust,disgust
disgust,disgust
disgust,contempt
disgust,disgust
disgust,disgust
disgust,disgust
disgust,disgust
disgust,anger
disgust,disgust
disgust,anger
disgust,disgust
disgust,disgust
disgust,disgust
disgust,disgust
disgust,neutral
disgust,neutral
disgust,contempt
disgust,contempt
disgust,disgust
disgust,contempt
disgust,disgust
disgust,contempt
disgust,disgust
disgust,anger
disgust,anger
disgust,fear
disgust,disgust
disgust,sadness
disgust,disgust
disgust,disgust
disgust,surprise
disgust,anger
disgust,disgust
disgust,disgust
fear,fear
fear,surprise
fear,fear
fear,surprise
fear,fear
fear,fear
fear,surprise
fear,fear
fear,fear
fear,fear
fear,surprise
fear,surprise
fear,fear
fear,surprise
fear,neutral
fear,fear
fear,surprise
fear,fear
fear,fear
fear,surprise
fear,fear
fear,fear
fear,fear
fear,surprise
fear,neutral
fear,fear
fear,fear
fear,happiness
fear,fear
fear,fear
fear,surprise
fear,fear
fear,fear
fear,fear
fear,fear
fear,sadness
fear,fear
fear,surprise
fear,surprise
fear,fear
fear,fear
fear,fear
fear,contempt
fear,neutral
fear,sadness
fear,fear
fear,fear
fear,fear
fear,fear
fear,fear
fear,fear
fear,fear
fear,fear
fear,fear
fear,surprise
fear,surprise
fear,surprise
fear,fear
fear,fear
fear,surprise
fear,fear
fear,neutral
fear,fear
fear,fear
fear,fear
fear,fear
fear,fear
fear,fear
fear,sadness
fear,neutral
fear,fear
fear,anger
fear,fear
fear,fear
fear,fear
fear,fear
fear,fear
fear,fear
fear,fear
fear,sadness
fear,fear
fear,fear
fear,fear
fear,fear
fear,fear
fear,sadness
fear,fear
fear,surprise
fear,fear
fear,fear
fear,fear
fear,happiness
fear,neutral
happiness,neutral
happiness,happiness
happiness,happiness
happiness,happiness
happiness,happiness
happiness,happiness
happiness,happiness
happiness,happiness
happiness,happiness
happiness,happiness
happiness,happiness
happiness,happiness
happiness,happiness
happiness,happiness
happiness,happiness
happiness,happiness
happiness,happiness
happiness,happiness
happiness,happiness
happiness,surprise
happiness,happiness
happiness,happiness
happiness,surprise
happiness,happiness
happiness,happiness
happiness,happiness
happiness,happiness
happiness,happiness
happiness,happiness
happiness,happiness
happiness,happiness
happiness,happiness
happiness,surprise
happiness,happiness
happiness,happiness
happiness,happiness
happiness,contempt
happiness,happiness
happiness,happiness
happiness,happiness
happiness,happiness
happiness,happiness
happiness,happiness
happiness,happiness
happiness,happiness
happiness,happiness
happiness,happiness
happiness,happiness
happiness,happiness
happiness,happiness
happiness,neutral
happiness,happiness
happiness,happiness
happiness,happiness
happiness,happiness
happiness,happiness
happiness,happiness
happiness,happiness
happiness,happiness
happiness,happiness
happiness,happiness
happiness,happiness
happiness,sadness
happiness,happiness
happiness,happiness
happiness,happiness
happiness,happiness
happiness,happiness
happiness,happiness
happiness,happiness
happiness,happiness
happiness,happiness
happiness,happiness
happiness,happiness
happiness,happiness
happiness,happiness
happiness,happiness
happiness,happiness
happiness,happiness
happiness,happiness
happiness,happiness
happiness,happiness
happiness,happiness
happiness,happiness
happiness,happiness
happiness,anger
happiness,happiness
happiness,happiness
happiness,happiness
happiness,happiness
happiness,happiness
happiness,happiness
happiness,happiness
happiness,happiness
happiness,happiness
happiness,happiness
happiness,happiness
happiness,sadness
happiness,happiness
happiness,happiness
happiness,happiness
happiness,happiness
happiness,happiness
happiness,happiness
happiness,happiness
happiness,happiness
happiness,neutral
happiness,happiness
happiness,happiness
happiness,happiness
happiness,neutral
happiness,happiness
happiness,happiness
happiness,happiness
happiness,happiness
happiness,happiness
happiness,happiness
happiness,happiness
happiness,happiness
happiness,happiness
happiness,happiness
happiness,happiness
happiness,happiness
happiness,neutral
happiness,sadness
happiness,happiness
happiness,happiness
happiness,anger
happiness,happiness
happiness,happiness
happiness,happiness
happiness,happiness
happiness,happiness
happiness,happiness
happiness,happiness
happiness,happiness
happiness,happiness
happiness,happiness
happiness,happiness
happiness,happiness
happiness,happiness
happiness,happiness
happiness,happiness
happiness,happiness
happiness,happiness
happiness,happiness
happiness,happiness
happiness,happiness
happiness,happiness
happiness,happiness
happiness,happiness
happiness,happiness
happiness,anger
happiness,happiness
happiness,happiness
happiness,happiness
happiness,happiness
happiness,happiness
happiness,happiness
happiness,happiness
happiness,happiness
happiness,happiness
happiness,happiness
happiness,neutral
happiness,fear
happiness,happiness
happiness,happiness
happiness,happiness
happiness,happiness
happiness,happiness
happiness,happiness
happiness,happiness
happiness,happiness
happiness,happiness
happiness,happiness
happiness,happiness
happiness,happiness
happiness,happiness
happiness,anger
happiness,happiness
happiness,happiness
happiness,happiness
happiness,happiness
happiness,happiness
happiness,happiness
happiness,sadness
happiness,happiness
happiness,contempt
happiness,happiness
happiness,happiness
happiness,happiness
happiness,happiness
happiness,happiness
happiness,happiness
happiness,happiness
happiness,surprise
happiness,happiness
happiness,happiness
happiness,happiness
happiness,happiness
happiness,happiness
happiness,happiness
happiness,happiness
happiness,anger
happiness,fear
happiness,happiness
happiness,happiness
happiness,happiness
happiness,happiness
happiness,happiness
happiness,happiness
happiness,happiness
happiness,happiness
happiness,contempt
happiness,happiness
happiness,happiness
happiness,happiness
happiness,happiness
happiness,happiness
happiness,happiness
happiness,happiness
happiness,happiness
happiness,surprise
happiness,happiness
happiness,happiness
happiness,neutral
happiness,happiness
happiness,happiness
happiness,happiness
happiness,neutral
happiness,happiness
happiness,anger
happiness,happiness
happiness,happiness
happiness,happiness
happiness,happiness
happiness,contempt
happiness,happiness
happiness,happiness
happiness,happiness
happiness,neutral
happiness,happiness
happiness,happiness
happiness,happiness
happiness,happiness
happiness,happiness
happiness,happiness
happiness,happiness
happiness,happiness
happiness,happiness
happiness,happiness
happiness,neutral
happiness,happiness
happiness,happiness
happiness,happiness
happiness,happiness
happiness,happiness
happiness,happiness
happiness,surprise
happiness,happiness
happiness,happiness
happiness,happiness
happiness,sadness
happiness,happiness
happiness,neutral
happiness,happiness
happiness,neutral
happiness,happiness
happiness,happiness
happiness,happiness
happiness,happiness
happiness,happiness
happiness,happiness
happiness,happiness
happiness,happiness
happiness,surprise
happiness,happiness
happiness,happiness
happiness,happiness
happiness,anger
happiness,happiness
happiness,sadness
happiness,happiness
happiness,neutral
happiness,happiness
happiness,happiness
happiness,happiness
happiness,happiness
happiness,happiness
happiness,surprise
happiness,happiness
happiness,happiness
happiness,happiness
happiness,happiness
happiness,happiness
happiness,happiness
happiness,happiness
happiness,happiness
happiness,happiness
happiness,happiness
happiness,happiness
happiness,happiness
happiness,neutral
happiness,happiness
happiness,happiness
happiness,happiness
happiness,happiness
happiness,happiness
happiness,happiness
happiness,happiness
happiness,happiness
happiness,happiness
happiness,happiness
happiness,happiness
happiness,neutral
happiness,happiness
happiness,happiness
happiness,happiness
happiness,happiness
happiness,happiness
happiness,happiness
happiness,sadness
happiness,happiness
happiness,sadness
happiness,happiness
happiness,happiness
happiness,happiness
happiness,happiness
happiness,happiness
happiness,happiness
happiness,happiness
happiness,happiness
happiness,happiness
happiness,happiness
happiness,happiness
happiness,sadness
happiness,happiness
happiness,happiness
happiness,happiness
happiness,happiness
happiness,happiness
happiness,happiness
happiness,neutral
happiness,happiness
happiness,happiness
happiness,happiness
happiness,sadness
happiness,happiness
happiness,happiness
happiness,happiness
happiness,happiness
happiness,happiness
happiness,happiness
happiness,happiness
happiness,neutral
happiness,happiness
happiness,happiness
happiness,happiness
happiness,happiness
happiness,happiness
happiness,fear
happiness,happiness
happiness,happiness
happiness,happiness
happiness,happiness
happiness,happiness
happiness,happiness
happiness,happiness
happiness,happiness
happiness,fear
happiness,happiness
happiness,happiness
happiness,happiness
happiness,happiness
happiness,happiness
happiness,happiness
happiness,sadness
happiness,happiness
happiness,happiness
happiness,happiness
happiness,happiness
happiness,happiness
happiness,happiness
happiness,happiness
happiness,surprise
happiness,sadness
happiness,happiness
happiness,happiness
happiness,happiness
happiness,happiness
happiness,happiness
happiness,sadness
happiness,happiness
happiness,happiness
happiness,neutral
happiness,happiness
happiness,happiness
happiness,happiness
happiness,happiness
happiness,happiness
happiness,happiness
happiness,happiness
happiness,happiness
happiness,anger
happiness,sadness
happiness,neutral
happiness,happiness
happiness,happiness
happiness,happiness
happiness,happiness
happiness,happiness
happiness,happiness
happiness,anger
happiness,happiness
happiness,happiness
happiness,happiness
happiness,happiness
happiness,happiness
happiness,surprise
happiness,happiness
happiness,happiness
happiness,happiness
happiness,happiness
happiness,happiness
happiness,happiness
happiness,happiness
happiness,surprise
happiness,happiness
happiness,happiness
happiness,happiness
happiness,happiness
happiness,happiness
happiness,happiness
happiness,happiness
happiness,happiness
happiness,happiness
happiness,neutral
happiness,happiness
happiness,happiness
happiness,happiness
happiness,anger
happiness,happiness
happiness,happiness
happiness,happiness
happiness,happiness
happiness,happiness
happiness,happiness
happiness,happiness
happiness,happiness
happiness,happiness
happiness,happiness
happiness,happiness
happiness,neutral
happiness,happiness
happiness,happiness
happiness,neutral
happiness,happiness
happiness,happiness
happiness,happiness
happiness,neutral
happiness,happiness
happiness,happiness
happiness,happiness
happiness,neutral
happiness,happiness
happiness,happiness
happiness,happiness
happiness,happiness
happiness,happiness
happiness,happiness
happiness,happiness
happiness,happiness
happiness,happiness
happiness,happiness
happiness,happiness
happiness,happiness
happiness,happiness
happiness,happiness
happiness,contempt
happiness,happiness
happiness,happiness
happiness,surprise
happiness,happiness
happiness,neutral
happiness,happiness
happiness,happiness
happiness,happiness
happiness,happiness
happiness,happiness
happiness,happiness
happiness,happiness
happiness,happiness
happiness,happiness
happiness,happiness
happiness,anger
happiness,happiness
happiness,happiness
happiness,happiness
happiness,happiness
happiness,happiness
happiness,happiness
happiness,happiness
happiness,happiness
happiness,sadness
happiness,happiness
happiness,happiness
happiness,happiness
happiness,happiness
happiness,happiness
happiness,happiness
happiness,happiness
happiness,happiness
happiness,happiness
happiness,happiness
happiness,happiness
happiness,happiness
happiness,happiness
happiness,happiness
happiness,happiness
happiness,happiness
happiness,happiness
happiness,happiness
happiness,happiness
happiness,happiness
happiness,happiness
happiness,happiness
happiness,happiness
happiness,happiness
happiness,happiness
happiness,happiness
happiness,happiness
happiness,happiness
happiness,happiness
happiness,happiness
happiness,happiness
happiness,happiness
happiness,neutral
happiness,happiness
happiness,happiness
happiness,happiness
happiness,happiness
happiness,happiness
happiness,happiness
happiness,happiness
happiness,happiness
happiness,happiness
happiness,happiness
happiness,happiness
happiness,happiness
happiness,happiness
happiness,happiness
happiness,sadness
happiness,happiness
happiness,happiness
happiness,anger
happiness,happiness
happiness,happiness
happiness,happiness
happiness,happiness
happiness,happiness
happiness,happiness
happiness,fear
happiness,happiness
happiness,happiness
happiness,happiness
happiness,happiness
happiness,happiness
happiness,happiness
happiness,happiness
happiness,happiness
happiness,happiness
happiness,happiness
happiness,happiness
happiness,happiness
happiness,happiness
happiness,happiness
happiness,happiness
happiness,happiness
happiness,happiness
happiness,happiness
happiness,happiness
happiness,happiness
happiness,happiness
happiness,happiness
happiness,neutral
happiness,contempt
happiness,happiness
happiness,happiness
happiness,happiness
happiness,happiness
happiness,contempt
happiness,sadness
happiness,neutral
happiness,happiness
happiness,happiness
happiness,neutral
happiness,sadness
happiness,happiness
happiness,happiness
happiness,happiness
happiness,happiness
happiness,contempt
happiness,happiness
happiness,happiness
happiness,happiness
happiness,happiness
happiness,happiness
happiness,happiness
happiness,happiness
happiness,happiness
happiness,happiness
happiness,happiness
happiness,happiness
happiness,surprise
happiness,happiness
happiness,happiness
happiness,happiness
happiness,happiness
happiness,neutral
happiness,happiness
happiness,happiness
happiness,happiness
happiness,happiness
happiness,happiness
happiness,happiness
happiness,happiness
happiness,happiness
happiness,happiness
happiness,happiness
happiness,anger
happiness,happiness
happiness,contempt
happiness,happiness
happiness,happiness
happiness,happiness
happiness,happiness
happiness,happiness
happiness,happiness
happiness,happiness
happiness,happiness
happiness,happiness
happiness,happiness
happiness,happiness
happiness,fear
happiness,happiness
happiness,happiness
happiness,happiness
happiness,happiness
happiness,happiness
happiness,happiness
happiness,happiness
happiness,happiness
happiness,contempt
happiness,happiness
happiness,happiness
happiness,happiness
happiness,happiness
happiness,happiness
happiness,happiness
happiness,happiness
happiness,happiness
happiness,happiness
happiness,contempt
happiness,happiness
happiness,happiness
happiness,happiness
happiness,happiness
happiness,happiness
happiness,anger
happiness,happiness
happiness,happiness
happiness,happiness
happiness,happiness
happiness,happiness
happiness,happiness
happiness,happiness
happiness,happiness
happiness,happiness
happiness,happiness
happiness,happiness
happiness,happiness
happiness,happiness
happiness,happiness
happiness,happiness
happiness,happiness
happiness,happiness
happiness,happiness
happiness,happiness
happiness,happiness
happiness,happiness
happiness,happiness
happiness,happiness
happiness,happiness
happiness,happiness
happiness,happiness
happiness,sadness
happiness,happiness
happiness,happiness
happiness,happiness
happiness,happiness
happiness,happiness
happiness,happiness
happiness,happiness
happiness,surprise
happiness,happiness
happiness,happiness
happiness,happiness
happiness,happiness
happiness,neutral
happiness,happiness
happiness,happiness
happiness,anger
happiness,happiness
happiness,neutral
happiness,happiness
happiness,happiness
happiness,happiness
happiness,happiness
happiness,happiness
happiness,happiness
happiness,happiness
happiness,happiness
happiness,happiness
happiness,happiness
happiness,happiness
happiness,happiness
happiness,happiness
happiness,happiness
happiness,neutral
happiness,happiness
happiness,happiness
happiness,happiness
happiness,happiness
happiness,fear
happiness,happiness
happiness,happiness
happiness,happiness
happiness,happiness
happiness,happiness
happiness,happiness
happiness,happiness
happiness,sadness
happiness,happiness
happiness,happiness
happiness,happiness
happiness,happiness
happiness,happiness
happiness,sadness
happiness,happiness
happiness,happiness
happiness,happiness
happiness,happiness
happiness,happiness
happiness,happiness
happiness,happiness
happiness,sadness
happiness,happiness
happiness,happiness
happiness,happiness
happiness,happiness
happiness,happiness
happiness,happiness
happiness,happiness
happiness,happiness
happiness,happiness
happiness,happiness
happiness,happiness
happiness,happiness
happiness,happiness
happiness,happiness
happiness,happiness
happiness,happiness
happiness,happiness
happiness,happiness
happiness,neutral
happiness,happiness
happiness,happiness
happiness,happiness
happiness,happiness
happiness,happiness
happiness,happiness
happiness,happiness
happiness,neutral
happiness,happiness
happiness,happiness
happiness,neutral
happiness,happiness
happiness,happiness
happiness,happiness
happiness,happiness
happiness,happiness
happiness,sadness
happiness,happiness
happiness,happiness
happiness,happiness
happiness,happiness
happiness,neutral
happiness,happiness
happiness,neutral
happiness,happiness
happiness,happiness
happiness,happiness
happiness,happiness
happiness,happiness
happiness,happiness
happiness,happiness
happiness,happiness
happiness,happiness
happiness,happiness
happiness,happiness
happiness,neutral
happiness,happiness
happiness,happiness
happiness,happiness
happiness,sadness
happiness,happiness
happiness,happiness
happiness,happiness
happiness,neutral
happiness,happiness
happiness,happiness
happiness,happiness
happiness,happiness
happiness,happiness
happiness,neutral
happiness,happiness
happiness,happiness
happiness,happiness
happiness,happiness
happiness,happiness
happiness,happiness
happiness,happiness
happiness,happiness
happiness,happiness
happiness,happiness
happiness,happiness
happiness,happiness
happiness,happiness
happiness,happiness
happiness,happiness
happiness,happiness
happiness,happiness
happiness,happiness
happiness,happiness
happiness,happiness
happiness,neutral
happiness,anger
happiness,happiness
happiness,contempt
happiness,happiness
happiness,sadness
happiness,happiness
happiness,happiness
happiness,happiness
happiness,neutral
happiness,happiness
happiness,happiness
happiness,happiness
happiness,happiness
happiness,happiness
happiness,happiness
happiness,happiness
happiness,happiness
happiness,happiness
happiness,happiness
happiness,happiness
happiness,happiness
happiness,happiness
happiness,neutral
happiness,happiness
happiness,happiness
happiness,happiness
happiness,happiness
happiness,happiness
happiness,happiness
happiness,anger
happiness,neutral
happiness,happiness
happiness,happiness
happiness,happiness
happiness,happiness
happiness,surprise
happiness,happiness
happiness,happiness
happiness,happiness
happiness,sadness
happiness,happiness
happiness,happiness
happiness,contempt
happiness,happiness
happiness,happiness
happiness,happiness
neutral,neutral
neutral,neutral
neutral,neutral
neutral,surprise
neutral,neutral
neutral,neutral
neutral,surprise
neutral,neutral
neutral,neutral
neutral,sadness
neutral,neutral
neutral,neutral
neutral,neutral
neutral,happiness
neutral,neutral
neutral,neutral
neutral,neutral
neutral,contempt
neutral,sadness
neutral,neutral
neutral,sadness
neutral,sadness
neutral,neutral
neutral,sadness
neutral,neutral
neutral,sadness
neutral,neutral
neutral,neutral
neutral,neutral
neutral,neutral
neutral,sadness
neutral,neutral
neutral,neutral
neutral,neutral
neutral,neutral
neutral,neutral
neutral,neutral
neutral,neutral
neutral,happiness
neutral,neutral
neutral,surprise
neutral,neutral
neutral,neutral
neutral,neutral
neutral,neutral
neutral,neutral
neutral,neutral
neutral,neutral
neutral,happiness
neutral,neutral
neutral,neutral
neutral,happiness
neutral,neutral
neutral,neutral
neutral,neutral
neutral,sadness
neutral,neutral
neutral,sadness
neutral,sadness
neutral,neutral
neutral,fear
neutral,sadness
neutral,neutral
neutral,happiness
neutral,sadness
neutral,contempt
neutral,neutral
neutral,neutral
neutral,neutral
neutral,sadness
neutral,neutral
neutral,sadness
neutral,neutral
neutral,neutral
neutral,neutral
neutral,neutral
neutral,sadness
neutral,neutral
neutral,contempt
neutral,neutral
neutral,neutral
neutral,neutral
neutral,neutral
neutral,happiness
neutral,neutral
neutral,neutral
neutral,neutral
neutral,contempt
neutral,neutral
neutral,fear
neutral,neutral
neutral,sadness
neutral,happiness
neutral,neutral
neutral,neutral
neutral,neutral
neutral,contempt
neutral,neutral
neutral,neutral
neutral,happiness
neutral,neutral
neutral,neutral
neutral,neutral
neutral,neutral
neutral,happiness
neutral,neutral
neutral,sadness
neutral,happiness
neutral,neutral
neutral,neutral
neutral,neutral
neutral,sadness
neutral,neutral
neutral,neutral
neutral,neutral
neutral,neutral
neutral,neutral
neutral,neutral
neutral,sadness
neutral,sadness
neutral,neutral
neutral,sadness
neutral,neutral
neutral,disgust
neutral,neutral
neutral,sadness
neutral,neutral
neutral,neutral
neutral,neutral
neutral,contempt
neutral,neutral
neutral,neutral
neutral,neutral
neutral,neutral
neutral,neutral
neutral,neutral
neutral,neutral
neutral,happiness
neutral,happiness
neutral,neutral
neutral,neutral
neutral,neutral
neutral,sadness
neutral,neutral
neutral,neutral
neutral,neutral
neutral,happiness
neutral,neutral
neutral,neutral
neutral,sadness
neutral,sadness
neutral,neutral
neutral,neutral
neutral,neutral
neutral,sadness
neutral,sadness
neutral,neutral
neutral,neutral
neutral,neutral
neutral,neutral
neutral,neutral
neutral,neutral
neutral,neutral
neutral,happiness
neutral,sadness
neutral,sadness
neutral,contempt
neutral,neutral
neutral,anger
neutral,neutral
neutral,neutral
neutral,neutral
neutral,surprise
neutral,surprise
neutral,neutral
neutral,neutral
neutral,neutral
neutral,neutral
neutral,neutral
neutral,happiness
neutral,neutral
neutral,neutral
neutral,sadness
neutral,neutral
neutral,neutral
neutral,neutral
neutral,surprise
neutral,neutral
neutral,neutral
neutral,neutral
neutral,sadness
neutral,neutral
neutral,neutral
neutral,neutral
neutral,sadness
neutral,neutral
neutral,neutral
neutral,neutral
neutral,neutral
neutral,anger
neutral,neutral
neutral,anger
neutral,sadness
neutral,neutral
neutral,neutral
neutral,neutral
neutral,neutral
neutral,neutral
neutral,fear
neutral,neutral
neutral,neutral
neutral,happiness
neutral,neutral
neutral,neutral
neutral,neutral
neutral,sadness
neutral,neutral
neutral,neutral
neutral,sadness
neutral,anger
neutral,neutral
neutral,neutral
neutral,contempt
neutral,neutral
neutral,neutral
neutral,neutral
neutral,happiness
neutral,neutral
neutral,neutral
neutral,neutral
neutral,neutral
neutral,neutral
neutral,sadness
neutral,neutral
neutral,neutral
neutral,neutral
neutral,neutral
neutral,neutral
neutral,neutral
neutral,neutral
neutral,neutral
neutral,anger
neutral,neutral
neutral,sadness
neutral,sadness
neutral,surprise
neutral,sadness
neutral,sadness
neutral,neutral
neutral,neutral
neutral,neutral
neutral,happiness
neutral,sadness
neutral,neutral
neutral,neutral
neutral,neutral
neutral,neutral
neutral,neutral
neutral,surprise
neutral,happiness
neutral,neutral
neutral,neutral
neutral,neutral
neutral,sadness
neutral,neutral
neutral,fear
neutral,contempt
neutral,neutral
neutral,neutral
neutral,neutral
neutral,neutral
neutral,sadness
neutral,neutral
neutral,neutral
neutral,neutral
neutral,neutral
neutral,neutral
neutral,contempt
neutral,neutral
neutral,neutral
neutral,sadness
neutral,neutral
neutral,surprise
neutral,sadness
neutral,neutral
neutral,neutral
neutral,neutral
neutral,neutral
neutral,neutral
neutral,sadness
neutral,neutral
neutral,anger
neutral,neutral
neutral,happiness
neutral,neutral
neutral,neutral
neutral,neutral
neutral,neutral
neutral,neutral
neutral,neutral
neutral,neutral
neutral,neutral
neutral,sadness
neutral,neutral
neutral,surprise
neutral,neutral
neutral,sadness
neutral,contempt
neutral,neutral
neutral,sadness
neutral,sadness
neutral,neutral
neutral,neutral
neutral,contempt
neutral,neutral
neutral,neutral
neutral,sadness
neutral,neutral
neutral,neutral
neutral,neutral
neutral,neutral
neutral,surprise
neutral,anger
neutral,neutral
neutral,neutral
neutral,neutral
neutral,contempt
neutral,neutral
neutral,sadness
neutral,neutral
neutral,neutral
neutral,neutral
neutral,neutral
neutral,neutral
neutral,sadness
neutral,neutral
neutral,neutral
neutral,neutral
neutral,neutral
neutral,neutral
neutral,contempt
neutral,neutral
neutral,sadness
neutral,neutral
neutral,neutral
neutral,sadness
neutral,contempt
neutral,happiness
neutral,neutral
neutral,neutral
neutral,sadness
neutral,sadness
neutral,contempt
neutral,contempt
neutral,neutral
neutral,neutral
neutral,neutral
neutral,neutral
neutral,neutral
neutral,sadness
neutral,neutral
neutral,neutral
neutral,neutral
neutral,anger
neutral,anger
neutral,sadness
neutral,neutral
neutral,sadness
neutral,fear
neutral,happiness
neutral,contempt
neutral,neutral
neutral,neutral
neutral,neutral
neutral,neutral
neutral,sadness
neutral,neutral
neutral,neutral
neutral,neutral
neutral,neutral
neutral,neutral
neutral,neutral
neutral,neutral
neutral,contempt
neutral,sadness
neutral,anger
neutral,neutral
neutral,happiness
neutral,sadness
neutral,neutral
neutral,neutral
neutral,neutral
neutral,neutral
neutral,neutral
neutral,neutral
neutral,sadness
neutral,neutral
neutral,neutral
neutral,contempt
neutral,anger
neutral,neutral
neutral,neutral
neutral,anger
neutral,neutral
neutral,neutral
neutral,neutral
neutral,contempt
neutral,sadness
neutral,neutral
neutral,neutral
neutral,neutral
neutral,surprise
neutral,happiness
neutral,neutral
neutral,neutral
neutral,neutral
neutral,neutral
neutral,neutral
neutral,surprise
neutral,neutral
neutral,sadness
neutral,neutral
neutral,neutral
neutral,sadness
neutral,neutral
neutral,neutral
neutral,neutral
neutral,neutral
neutral,surprise
neutral,neutral
neutral,neutral
neutral,neutral
neutral,sadness
neutral,neutral
neutral,neutral
neutral,neutral
neutral,surprise
neutral,sadness
neutral,neutral
neutral,neutral
neutral,neutral
neutral,anger
neutral,neutral
neutral,neutral
neutral,sadness
neutral,neutral
neutral,neutral
neutral,contempt
neutral,sadness
neutral,neutral
neutral,contempt
neutral,happiness
neutral,neutral
neutral,sadness
neutral,neutral
neutral,surprise
neutral,neutral
neutral,neutral
neutral,neutral
neutral,neutral
neutral,neutral
neutral,contempt
neutral,sadness
neutral,neutral
neutral,neutral
neutral,fear
neutral,neutral
neutral,sadness
neutral,neutral
neutral,neutral
neutral,neutral
neutral,neutral
neutral,neutral
neutral,neutral
neutral,neutral
neutral,neutral
neutral,neutral
neutral,neutral
neutral,neutral
neutral,happiness
neutral,neutral
neutral,neutral
neutral,neutral
neutral,happiness
neutral,sadness
neutral,anger
neutral,neutral
neutral,neutral
neutral,surprise
neutral,neutral
neutral,sadness
neutral,sadness
neutral,neutral
neutral,neutral
neutral,neutral
neutral,sadness
neutral,sadness
neutral,fear
neutral,neutral
neutral,sadness
neutral,neutral
neutral,neutral
neutral,neutral
neutral,neutral
neutral,sadness
neutral,neutral
neutral,sadness
neutral,neutral
neutral,anger
neutral,neutral
neutral,neutral
neutral,neutral
neutral,fear
neutral,neutral
neutral,neutral
neutral,contempt
neutral,neutral
neutral,neutral
neutral,neutral
neutral,neutral
neutral,sadness
neutral,neutral
neutral,neutral
neutral,sadness
neutral,anger
neutral,neutral
neutral,neutral
neutral,neutral
neutral,neutral
neutral,neutral
neutral,neutral
neutral,neutral
neutral,neutral
neutral,surprise
neutral,contempt
neutral,neutral
neutral,neutral
neutral,happiness
neutral,neutral
neutral,neutral
neutral,neutral
neutral,neutral
neutral,neutral
neutral,neutral
neutral,neutral
neutral,surprise
neutral,sadness
neutral,neutral
neutral,neutral
neutral,neutral
neutral,neutral
neutral,neutral
neutral,contempt
neutral,neutral
neutral,neutral
neutral,contempt
neutral,neutral
neutral,neutral
neutral,neutral
neutral,sadness
neutral,neutral
neutral,neutral
neutral,neutral
neutral,neutral
neutral,neutral
neutral,neutral
neutral,neutral
neutral,neutral
neutral,neutral
neutral,neutral
neutral,sadness
neutral,neutral
neutral,sadness
neutral,anger
neutral,neutral
neutral,sadness
neutral,neutral
neutral,happiness
neutral,neutral
neutral,sadness
neutral,neutral
neutral,neutral
neutral,neutral
neutral,neutral
neutral,sadness
neutral,neutral
neutral,neutral
neutral,sadness
neutral,anger
neutral,happiness
neutral,happiness
neutral,neutral
neutral,happiness
neutral,neutral
neutral,neutral
neutral,happiness
neutral,sadness
neutral,sadness
neutral,neutral
neutral,neutral
neutral,sadness
neutral,neutral
neutral,neutral
neutral,neutral
neutral,neutral
neutral,neutral
neutral,neutral
neutral,neutral
neutral,neutral
neutral,neutral
neutral,neutral
neutral,neutral
neutral,neutral
neutral,sadness
neutral,neutral
neutral,neutral
neutral,neutral
neutral,neutral
neutral,sadness
neutral,neutral
neutral,neutral
neutral,neutral
neutral,neutral
neutral,neutral
neutral,neutral
neutral,neutral
neutral,neutral
neutral,neutral
neutral,neutral
neutral,neutral
neutral,neutral
neutral,neutral
neutral,neutral
neutral,neutral
neutral,neutral
neutral,happiness
neutral,neutral
neutral,neutral
neutral,neutral
neutral,neutral
neutral,neutral
neutral,neutral
neutral,neutral
neutral,neutral
neutral,sadness
neutral,neutral
neutral,neutral
neutral,neutral
neutral,fear
neutral,neutral
neutral,sadness
neutral,neutral
neutral,neutral
neutral,neutral
neutral,neutral
neutral,sadness
neutral,neutral
neutral,neutral
neutral,neutral
neutral,neutral
neutral,neutral
neutral,neutral
neutral,neutral
neutral,neutral
neutral,neutral
neutral,happiness
neutral,happiness
neutral,neutral
neutral,happiness
neutral,neutral
neutral,neutral
neutral,neutral
neutral,neutral
neutral,neutral
neutral,surprise
neutral,sadness
neutral,neutral
neutral,neutral
neutral,neutral
neutral,neutral
neutral,neutral
neutral,neutral
neutral,neutral
neutral,sadness
neutral,contempt
neutral,neutral
neutral,neutral
neutral,sadness
neutral,neutral
neutral,neutral
neutral,neutral
neutral,neutral
neutral,neutral
neutral,neutral
neutral,neutral
neutral,sadness
neutral,neutral
neutral,neutral
neutral,neutral
neutral,neutral
neutral,contempt
neutral,neutral
neutral,neutral
neutral,surprise
neutral,neutral
neutral,sadness
neutral,sadness
neutral,neutral
neutral,happiness
neutral,neutral
neutral,sadness
neutral,fear
neutral,sadness
neutral,sadness
neutral,neutral
neutral,neutral
neutral,neutral
neutral,neutral
neutral,neutral
neutral,neutral
neutral,neutral
neutral,neutral
neutral,neutral
neutral,neutral
neutral,neutral
neutral,neutral
neutral,sadness
neutral,sadness
neutral,neutral
neutral,neutral
neutral,neutral
neutral,neutral
neutral,sadness
neutral,neutral
neutral,neutral
neutral,neutral
neutral,sadness
neutral,neutral
neutral,neutral
neutral,neutral
neutral,neutral
neutral,happiness
neutral,neutral
neutral,neutral
neutral,neutral
neutral,anger
neutral,contempt
neutral,neutral
neutral,neutral
neutral,sadness
neutral,neutral
neutral,neutral
neutral,sadness
neutral,surprise
neutral,sadness
neutral,neutral
neutral,sadness
neutral,neutral
neutral,neutral
neutral,neutral
neutral,neutral
neutral,sadness
neutral,neutral
neutral,contempt
neutral,neutral
neutral,neutral
neutral,neutral
neutral,neutral
neutral,neutral
neutral,neutral
neutral,sadness
neutral,neutral
neutral,neutral
neutral,neutral
neutral,neutral
neutral,neutral
neutral,neutral
neutral,neutral
neutral,neutral
neutral,neutral
neutral,neutral
neutral,neutral
neutral,neutral
neutral,anger
neutral,neutral
neutral,anger
neutral,neutral
neutral,neutral
neutral,neutral
neutral,sadness
neutral,neutral
neutral,neutral
neutral,neutral
neutral,fear
neutral,neutral
neutral,neutral
neutral,neutral
neutral,neutral
neutral,sadness
neutral,neutral
neutral,neutral
neutral,neutral
neutral,neutral
neutral,neutral
neutral,happiness
neutral,neutral
neutral,neutral
neutral,neutral
neutral,neutral
neutral,surprise
neutral,neutral
neutral,neutral
neutral,neutral
neutral,neutral
neutral,neutral
neutral,neutral
neutral,neutral
neutral,happiness
neutral,happiness
neutral,fear
neutral,neutral
neutral,happiness
neutral,neutral
neutral,neutral
neutral,happiness
neutral,neutral
neutral,neutral
neutral,neutral
neutral,neutral
neutral,contempt
neutral,neutral
neutral,anger
neutral,neutral
neutral,sadness
neutral,neutral
neutral,neutral
neutral,neutral
neutral,neutral
neutral,neutral
neutral,sadness
neutral,happiness
neutral,neutral
neutral,neutral
neutral,neutral
neutral,neutral
neutral,neutral
neutral,sadness
neutral,neutral
neutral,neutral
neutral,neutral
neutral,neutral
neutral,surprise
neutral,surprise
neutral,sadness
neutral,neutral
neutral,neutral
neutral,neutral
neutral,happiness
neutral,contempt
neutral,neutral
neutral,neutral
neutral,neutral
neutral,neutral
neutral,neutral
neutral,neutral
neutral,neutral
neutral,neutral
neutral,neutral
neutral,neutral
neutral,neutral
neutral,neutral
neutral,contempt
neutral,neutral
neutral,sadness
neutral,happiness
neutral,sadness
neutral,neutral
neutral,surprise
neutral,contempt
neutral,neutral
neutral,neutral
neutral,neutral
neutral,sadness
neutral,sadness
neutral,surprise
neutral,anger
neutral,neutral
neutral,neutral
neutral,neutral
neutral,neutral
neutral,neutral
neutral,neutral
neutral,neutral
neutral,surprise
neutral,neutral
neutral,sadness
neutral,sadness
neutral,sadness
neutral,contempt
neutral,sadness
neutral,neutral
neutral,neutral
neutral,neutral
neutral,neutral
neutral,surprise
neutral,neutral
neutral,neutral
neutral,neutral
neutral,neutral
neutral,neutral
neutral,neutral
neutral,neutral
neutral,happiness
neutral,neutral
neutral,surprise
neutral,neutral
neutral,neutral
neutral,neutral
neutral,neutral
neutral,neutral
neutral,neutral
neutral,neutral
neutral,happiness
neutral,sadness
neutral,neutral
neutral,neutral
neutral,neutral
neutral,fear
neutral,neutral
neutral,sadness
neutral,sadness
neutral,sadness
neutral,neutral
neutral,sadness
neutral,neutral
neutral,neutral
neutral,neutral
neutral,neutral
neutral,neutral
neutral,neutral
neutral,neutral
neutral,neutral
neutral,neutral
neutral,sadness
neutral,neutral
neutral,neutral
neutral,sadness
neutral,sadness
neutral,contempt
neutral,sadness
neutral,neutral
neutral,contempt
neutral,happiness
neutral,neutral
neutral,sadness
neutral,neutral
neutral,surprise
neutral,neutral
neutral,sadness
neutral,neutral
neutral,neutral
neutral,neutral
neutral,neutral
neutral,neutral
neutral,neutral
neutral,anger
neutral,sadness
neutral,neutral
neutral,sadness
neutral,neutral
neutral,neutral
neutral,sadness
neutral,neutral
neutral,neutral
neutral,neutral
neutral,neutral
neutral,sadness
neutral,sadness
neutral,sadness
neutral,neutral
neutral,anger
neutral,sadness
neutral,neutral
neutral,neutral
neutral,neutral
neutral,neutral
neutral,neutral
neutral,neutral
neutral,neutral
neutral,neutral
neutral,neutral
neutral,neutral
neutral,neutral
neutral,sadness
neutral,surprise
neutral,sadness
neutral,contempt
neutral,neutral
neutral,anger
neutral,neutral
neutral,sadness
neutral,neutral
neutral,neutral
neutral,contempt
neutral,neutral
neutral,neutral
neutral,sadness
neutral,neutral
neutral,neutral
neutral,fear
neutral,contempt
neutral,neutral
neutral,sadness
neutral,neutral
neutral,neutral
neutral,neutral
neutral,neutral
neutral,neutral
neutral,neutral
neutral,sadness
neutral,neutral
neutral,surprise
neutral,neutral
neutral,neutral
neutral,neutral
neutral,neutral
neutral,neutral
neutral,neutral
neutral,neutral
neutral,neutral
neutral,neutral
neutral,neutral
neutral,neutral
neutral,neutral
neutral,surprise
neutral,anger
neutral,surprise
neutral,neutral
neutral,contempt
neutral,happiness
neutral,neutral
neutral,sadness
neutral,neutral
neutral,neutral
neutral,fear
neutral,neutral
neutral,sadness
neutral,neutral
neutral,neutral
neutral,neutral
neutral,happiness
neutral,fear
neutral,neutral
neutral,anger
neutral,neutral
neutral,happiness
neutral,neutral
neutral,neutral
neutral,neutral
neutral,neutral
neutral,sadness
neutral,neutral
neutral,sadness
neutral,sadness
neutral,sadness
neutral,neutral
neutral,neutral
neutral,sadness
neutral,neutral
neutral,neutral
neutral,sadness
neutral,neutral
neutral,sadness
neutral,sadness
neutral,neutral
neutral,neutral
neutral,neutral
neutral,sadness
neutral,neutral
neutral,neutral
neutral,neutral
neutral,neutral
neutral,neutral
neutral,sadness
neutral,neutral
neutral,neutral
neutral,sadness
neutral,sadness
neutral,surprise
neutral,neutral
neutral,neutral
neutral,neutral
neutral,happiness
neutral,neutral
neutral,sadness
neutral,sadness
neutral,neutral
neutral,neutral
neutral,surprise
neutral,fear
neutral,neutral
neutral,neutral
neutral,neutral
neutral,neutral
neutral,neutral
neutral,neutral
neutral,neutral
neutral,neutral
neutral,sadness
neutral,neutral
neutral,neutral
neutral,neutral
neutral,neutral
neutral,neutral
neutral,anger
neutral,neutral
neutral,neutral
neutral,neutral
neutral,neutral
neutral,neutral
neutral,neutral
neutral,neutral
neutral,sadness
neutral,sadness
neutral,sadness
neutral,neutral
neutral,surprise
neutral,neutral
neutral,sadness
neutral,sadness
neutral,fear
neutral,happiness
neutral,neutral
neutral,disgust
neutral,neutral
neutral,neutral
neutral,neutral
neutral,neutral
neutral,neutral
neutral,neutral
neutral,neutral
neutral,neutral
neutral,neutral
neutral,contempt
neutral,neutral
neutral,anger
neutral,neutral
neutral,sadness
neutral,neutral
neutral,neutral
neutral,anger
neutral,neutral
neutral,neutral
neutral,neutral
neutral,neutral
neutral,neutral
neutral,neutral
neutral,neutral
neutral,sadness
neutral,anger
neutral,sadness
neutral,neutral
neutral,neutral
neutral,neutral
neutral,neutral
neutral,neutral
neutral,neutral
neutral,neutral
neutral,neutral
neutral,sadness
neutral,neutral
neutral,neutral
neutral,neutral
neutral,neutral
neutral,neutral
neutral,neutral
neutral,sadness
neutral,happiness
neutral,neutral
neutral,sadness
neutral,neutral
neutral,neutral
neutral,neutral
neutral,neutral
neutral,neutral
neutral,neutral
neutral,anger
neutral,sadness
neutral,sadness
neutral,neutral
neutral,neutral
neutral,sadness
neutral,neutral
neutral,neutral
neutral,neutral
neutral,neutral
neutral,neutral
neutral,fear
neutral,neutral
neutral,neutral
neutral,neutral
neutral,sadness
neutral,neutral
neutral,neutral
neutral,neutral
neutral,anger
neutral,fear
neutral,neutral
neutral,contempt
neutral,neutral
neutral,neutral
neutral,sadness
neutral,sadness
neutral,neutral
neutral,sadness
neutral,surprise
neutral,neutral
neutral,sadness
neutral,neutral
neutral,neutral
neutral,neutral
neutral,neutral
neutral,sadness
neutral,neutral
neutral,happiness
neutral,neutral
neutral,neutral
neutral,neutral
neutral,neutral
neutral,sadness
neutral,neutral
neutral,neutral
neutral,happiness
neutral,neutral
neutral,neutral
neutral,neutral
neutral,neutral
neutral,neutral
neutral,neutral
neutral,sadness
neutral,neutral
neutral,neutral
neutral,neutral
neutral,surprise
neutral,neutral
neutral,neutral
neutral,neutral
neutral,sadness
neutral,neutral
neutral,neutral
neutral,neutral
neutral,neutral
neutral,sadness
neutral,sadness
neutral,neutral
neutral,contempt
neutral,neutral
neutral,neutral
sadness,fear
sadness,sadness
sadness,anger
sadness,neutral
sadness,sadness
sadness,happiness
sadness,happiness
sadness,sadness
sadness,contempt
sadness,sadness
sadness,neutral
sadness,fear
sadness,sadness
sadness,sadness
sadness,sadness
sadness,fear
sadness,sadness
sadness,happiness
sadness,neutral
sadness,neutral
sadness,happiness
sadness,sadness
sadness,neutral
sadness,sadness
sadness,sadness
sadness,sadness
sadness,happiness
sadness,sadness
sadness,neutral
sadness,sadness
sadness,neutral
sadness,anger
sadness,sadness
sadness,sadness
sadness,sadness
sadness,disgust
sadness,sadness
sadness,sadness
sadness,sadness
sadness,neutral
sadness,sadness
sadness,anger
sadness,neutral
sadness,neutral
sadness,sadness
sadness,sadness
sadness,contempt
sadness,fear
sadness,sadness
sadness,sadness
sadness,neutral
sadness,neutral
sadness,neutral
sadness,sadness
sadness,neutral
sadness,fear
sadness,sadness
sadness,neutral
sadness,neutral
sadness,sadness
sadness,sadness
sadness,sadness
sadness,neutral
sadness,sadness
sadness,sadness
sadness,neutral
sadness,sadness
sadness,neutral
sadness,neutral
sadness,sadness
sadness,sadness
sadness,surprise
sadness,sadness
sadness,sadness
sadness,sadness
sadness,sadness
sadness,contempt
sadness,anger
sadness,sadness
sadness,neutral
sadness,sadness
sadness,sadness
sadness,neutral
sadness,sadness
sadness,sadness
sadness,happiness
sadness,sadness
sadness,neutral
sadness,neutral
sadness,neutral
sadness,sadness
sadness,surprise
sadness,sadness
sadness,happiness
sadness,sadness
sadness,sadness
sadness,sadness
sadness,sadness
sadness,sadness
sadness,neutral
sadness,neutral
sadness,sadness
sadness,sadness
sadness,sadness
sadness,sadness
sadness,sadness
sadness,sadness
sadness,sadness
sadness,neutral
sadness,neutral
sadness,sadness
sadness,sadness
sadness,sadness
sadness,sadness
sadness,sadness
sadness,sadness
sadness,contempt
sadness,neutral
sadness,sadness
sadness,sadness
sadness,sadness
sadness,sadness
sadness,sadness
sadness,sadness
sadness,sadness
sadness,sadness
sadness,neutral
sadness,sadness
sadness,neutral
sadness,neutral
sadness,sadness
sadness,happiness
sadness,sadness
sadness,sadness
sadness,sadness
sadness,sadness
sadness,sadness
sadness,sadness
sadness,sadness
sadness,sadness
sadness,surprise
sadness,contempt
sadness,sadness
sadness,sadness
sadness,sadness
sadness,neutral
sadness,sadness
sadness,sadness
sadness,happiness
sadness,neutral
sadness,sadness
sadness,sadness
sadness,sadness
sadness,sadness
sadness,sadness
sadness,anger
sadness,neutral
sadness,sadness
sadness,anger
sadness,contempt
sadness,sadness
sadness,sadness
sadness,sadness
sadness,sadness
sadness,sadness
sadness,sadness
sadness,sadness
sadness,fear
sadness,sadness
sadness,sadness
sadness,sadness
sadness,neutral
sadness,sadness
sadness,sadness
sadness,neutral
sadness,sadness
sadness,sadness
sadness,neutral
sadness,neutral
sadness,sadness
sadness,sadness
sadness,neutral
sadness,sadness
sadness,neutral
sadness,sadness
sadness,sadness
sadness,sadness
sadness,sadness
sadness,sadness
sadness,sadness
sadness,sadness
sadness,neutral
sadness,neutral
sadness,contempt
sadness,sadness
sadness,sadness
sadness,anger
sadness,sadness
sadness,sadness
sadness,sadness
sadness,sadness
sadness,sadness
sadness,anger
sadness,sadness
sadness,sadness
sadness,sadness
sadness,sadness
sadness,sadness
sadness,sadness
sadness,neutral
sadness,neutral
sadness,neutral
sadness,sadness
sadness,neutral
sadness,surprise
sadness,sadness
sadness,sadness
sadness,sadness
sadness,sadness
sadness,sadness
sadness,sadness
sadness,sadness
sadness,sadness
sadness,contempt
sadness,neutral
sadness,sadness
sadness,sadness
sadness,sadness
sadness,neutral
sadness,sadness
sadness,sadness
sadness,happiness
sadness,surprise
sadness,sadness
sadness,sadness
sadness,surprise
sadness,sadness
sadness,sadness
sadness,sadness
sadness,sadness
sadness,sadness
sadness,sadness
sadness,sadness
sadness,neutral
sadness,neutral
sadness,neutral
sadness,sadness
sadness,sadness
sadness,sadness
sadness,sadness
sadness,surprise
sadness,sadness
sadness,neutral
sadness,sadness
sadness,sadness
sadness,contempt
sadness,fear
sadness,neutral
sadness,sadness
sadness,neutral
sadness,neutral
sadness,neutral
sadness,sadness
sadness,sadness
sadness,sadness
sadness,happiness
sadness,neutral
sadness,fear
sadness,sadness
sadness,sadness
sadness,sadness
sadness,sadness
sadness,neutral
sadness,fear
sadness,fear
sadness,sadness
sadness,neutral
sadness,neutral
sadness,sadness
sadness,sadness
sadness,neutral
sadness,sadness
sadness,anger
sadness,fear
sadness,neutral
sadness,sadness
sadness,sadness
sadness,disgust
sadness,neutral
sadness,neutral
sadness,fear
sadness,neutral
sadness,happiness
sadness,sadness
sadness,neutral
sadness,happiness
sadness,sadness
sadness,disgust
sadness,sadness
sadness,sadness
sadness,sadness
sadness,sadness
sadness,sadness
sadness,sadness
sadness,neutral
sadness,sadness
sadness,disgust
sadness,sadness
sadness,neutral
sadness,sadness
sadness,neutral
sadness,sadness
sadness,sadness
sadness,sadness
sadness,neutral
sadness,sadness
sadness,neutral
sadness,sadness
sadness,happiness
sadness,sadness
sadness,neutral
sadness,sadness
sadness,happiness
sadness,neutral
sadness,neutral
sadness,sadness
sadness,neutral
sadness,sadness
sadness,sadness
sadness,sadness
sadness,sadness
sadness,sadness
sadness,neutral
sadness,sadness
sadness,neutral
sadness,sadness
sadness,sadness
sadness,sadness
sadness,sadness
sadness,sadness
sadness,anger
sadness,happiness
sadness,sadness
sadness,anger
sadness,sadness
sadness,sadness
sadness,anger
sadness,sadness
sadness,sadness
sadness,happiness
sadness,sadness
sadness,sadness
sadness,neutral
sadness,neutral
sadness,neutral
sadness,disgust
sadness,sadness
sadness,sadness
sadness,sadness
sadness,neutral
sadness,neutral
sadness,neutral
sadness,neutral
sadness,sadness
sadness,sadness
sadness,sadness
sadness,sadness
sadness,sadness
sadness,neutral
sadness,sadness
sadness,contempt
sadness,happiness
sadness,disgust
sadness,sadness
sadness,sadness
sadness,neutral
sadness,disgust
sadness,neutral
sadness,sadness
sadness,sadness
sadness,sadness
sadness,sadness
sadness,neutral
sadness,sadness
sadness,sadness
sadness,sadness
sadness,anger
sadness,neutral
sadness,sadness
sadness,neutral
sadness,sadness
sadness,anger
sadness,neutral
sadness,sadness
sadness,sadness
sadness,sadness
sadness,happiness
sadness,contempt
sadness,happiness
sadness,anger
sadness,sadness
sadness,sadness
sadness,sadness
sadness,anger
sadness,sadness
sadness,surprise
sadness,sadness
sadness,neutral
sadness,sadness
sadness,sadness
sadness,neutral
sadness,sadness
sadness,neutral
sadness,sadness
sadness,anger
sadness,sadness
sadness,happiness
sadness,sadness
sadness,anger
sadness,happiness
sadness,fear
sadness,sadness
sadness,neutral
sadness,sadness
sadness,sadness
sadness,sadness
sadness,sadness
sadness,sadness
sadness,sadness
sadness,sadness
sadness,neutral
sadness,sadness
sadness,sadness
sadness,fear
sadness,happiness
sadness,sadness
sadness,sadness
sadness,sadness
sadness,sadness
sadness,anger
sadness,disgust
sadness,neutral
sadness,neutral
sadness,happiness
sadness,neutral
surprise,fear
surprise,surprise
surprise,surprise
surprise,anger
surprise,surprise
surprise,surprise
surprise,surprise
surprise,surprise
surprise,surprise
surprise,surprise
surprise,surprise
surprise,surprise
surprise,surprise
surprise,fear
surprise,surprise
surprise,anger
surprise,surprise
surprise,surprise
surprise,surprise
surprise,neutral
surprise,surprise
surprise,surprise
surprise,surprise
surprise,surprise
surprise,surprise
surprise,surprise
surprise,surprise
surprise,surprise
surprise,surprise
surprise,surprise
surprise,surprise
surprise,surprise
surprise,surprise
surprise,surprise
surprise,surprise
surprise,surprise
surprise,surprise
surprise,surprise
surprise,surprise
surprise,surprise
surprise,surprise
surprise,surprise
surprise,surprise
surprise,neutral
surprise,surprise
surprise,surprise
surprise,surprise
surprise,neutral
surprise,surprise
surprise,surprise
surprise,surprise
surprise,surprise
surprise,surprise
surprise,surprise
surprise,surprise
surprise,surprise
surprise,surprise
surprise,surprise
surprise,surprise
surprise,surprise
surprise,surprise
surprise,surprise
surprise,surprise
surprise,neutral
surprise,happiness
surprise,fear
surprise,surprise
surprise,surprise
surprise,surprise
surprise,surprise
surprise,surprise
surprise,surprise
surprise,surprise
surprise,surprise
surprise,surprise
surprise,sadness
surprise,surprise
surprise,happiness
surprise,surprise
surprise,surprise
surprise,surprise
surprise,neutral
surprise,surprise
surprise,surprise
surprise,surprise
surprise,surprise
surprise,fear
surprise,surprise
surprise,surprise
surprise,neutral
surprise,surprise
surprise,fear
surprise,surprise
surprise,surprise
surprise,anger
surprise,surprise
surprise,surprise
surprise,surprise
surprise,fear
surprise,surprise
surprise,surprise
surprise,surprise
surprise,surprise
surprise,surprise
surprise,surprise
surprise,surprise
surprise,surprise
surprise,surprise
surprise,surprise
surprise,surprise
surprise,surprise
surprise,surprise
surprise,surprise
surprise,fear
surprise,surprise
surprise,surprise
surprise,surprise
surprise,surprise
surprise,surprise
surprise,surprise
surprise,surprise
surprise,surprise
surprise,surprise
surprise,surprise
surprise,surprise
surprise,surprise
surprise,surprise
surprise,surprise
surprise,surprise
surprise,surprise
surprise,surprise
surprise,surprise
surprise,neutral
surprise,surprise
surprise,surprise
surprise,surprise
surprise,fear
surprise,surprise
surprise,surprise
surprise,fear
surprise,neutral
surprise,surprise
surprise,surprise
surprise,surprise
surprise,happiness
surprise,surprise
surprise,surprise
surprise,neutral
surprise,surprise
surprise,surprise
surprise,fear
surprise,surprise
surprise,surprise
surprise,surprise
surprise,surprise
surprise,surprise
surprise,surprise
surprise,anger
surprise,sadness
surprise,sadness
surprise,surprise
surprise,surprise
surprise,surprise
surprise,surprise
surprise,surprise
surprise,surprise
surprise,surprise
surprise,surprise
surprise,fear
surprise,surprise
surprise,surprise
surprise,surprise
surprise,surprise
surprise,surprise
surprise,surprise
surprise,surprise
surprise,fear
surprise,surprise
surprise,surprise
surprise,surprise
surprise,neutral
surprise,surprise
surprise,surprise
surprise,surprise
surprise,surprise
surprise,surprise
surprise,surprise
surprise,surprise
surprise,surprise
surprise,surprise
surprise,surprise
surprise,neutral
surprise,surprise
surprise,surprise
surprise,surprise
surprise,surprise
surprise,surprise
surprise,surprise
surprise,surprise
surprise,surprise
surprise,surprise
surprise,surprise
surprise,surprise
surprise,surprise
surprise,surprise
surprise,fear
surprise,surprise
surprise,surprise
surprise,surprise
surprise,surprise
surprise,surprise
surprise,neutral
surprise,anger
surprise,fear
surprise,anger
surprise,surprise
surprise,surprise
surprise,surprise
surprise,surprise
surprise,surprise
surprise,surprise
surprise,surprise
surprise,sadness
surprise,surprise
surprise,surprise
surprise,fear
surprise,surprise
surprise,surprise
surprise,surprise
surprise,fear
surprise,surprise
surprise,surprise
surprise,surprise
surprise,happiness
surprise,surprise
surprise,surprise
surprise,fear
surprise,surprise
surprise,fear
surprise,surprise
surprise,surprise
surprise,surprise
surprise,surprise
surprise,surprise
surprise,surprise
surprise,surprise
surprise,surprise
surprise,surprise
surprise,surprise
surprise,sadness
surprise,surprise
surprise,surprise
surprise,surprise
surprise,surprise
surprise,surprise
surprise,surprise
surprise,surprise
surprise,surprise
surprise,surprise
surprise,surprise
surprise,surprise
surprise,surprise
surprise,anger
surprise,surprise
surprise,surprise
surprise,surprise
surprise,surprise
surprise,surprise
surprise,surprise
surprise,fear
surprise,surprise
surprise,surprise
surprise,surprise
surprise,surprise
surprise,neutral
surprise,surprise
surprise,surprise
surprise,surprise
surprise,surprise
surprise,surprise
surprise,surprise
surprise,surprise
surprise,happiness
surprise,surprise
surprise,surprise
surprise,surprise
surprise,surprise
surprise,surprise
surprise,fear
surprise,surprise
surprise,surprise
surprise,surprise
surprise,surprise
surprise,surprise
surprise,fear
surprise,surprise
surprise,surprise
surprise,surprise
surprise,surprise
surprise,surprise
surprise,surprise
surprise,surprise
surprise,surprise
surprise,surprise
surprise,neutral
surprise,surprise
surprise,surprise
surprise,surprise
surprise,surprise
surprise,surprise
surprise,happiness
surprise,surprise
surprise,surprise
surprise,surprise
surprise,sadness
surprise,surprise
surprise,surprise
surprise,surprise
surprise,surprise
surprise,surprise
surprise,anger
surprise,fear
surprise,surprise
surprise,neutral
surprise,surprise
surprise,sadness
surprise,surprise
surprise,fear
surprise,anger
surprise,surprise
surprise,surprise
surprise,surprise
surprise,surprise
surprise,surprise
surprise,surprise
surprise,surprise
surprise,surprise
surprise,surprise
surprise,surprise
surprise,surprise
surprise,surprise
surprise,surprise
surprise,surprise
surprise,fear
surprise,surprise
surprise,surprise
surprise,surprise
surprise,surprise
surprise,surprise
surprise,surprise
surprise,surprise
surprise,surprise
surprise,surprise
surprise,surprise
surprise,surprise
surprise,surprise
surprise,surprise
surprise,surprise
surprise,surprise
surprise,surprise
surprise,surprise
surprise,surprise
surprise,surprise
surprise,surprise
surprise,surprise
surprise,happiness
surprise,fear
surprise,surprise
surprise,surprise
surprise,surprise
surprise,fear
surprise,surprise
surprise,surprise
surprise,surprise
surprise,surprise
surprise,surprise
surprise,surprise
surprise,surprise
surprise,surprise
surprise,surprise
surprise,surprise
surprise,surprise
surprise,surprise
surprise,surprise
surprise,anger
surprise,sadness
surprise,surprise
surprise,surprise
surprise,surprise
surprise,surprise
surprise,surprise
surprise,surprise
surprise,surprise
surprise,surprise
surprise,surprise
surprise,fear
surprise,surprise
surprise,neutral
surprise,surprise
surprise,fear
surprise,surprise
surprise,surprise
surprise,surprise
surprise,surprise
surprise,fear
surprise,fear
surprise,surprise
surprise,surprise
surprise,surprise
surprise,surprise
surprise,surprise
surprise,surprise
surprise,surprise
surprise,happiness
surprise,surprise
surprise,surprise
surprise,surprise
surprise,surprise
surprise,surprise
surprise,surprise
surprise,surprise
surprise,anger
surprise,surprise
surprise,surprise
surprise,surprise
surprise,surprise
surprise,surprise
surprise,surprise
surprise,surprise
surprise,surprise
surprise,fear
surprise,surprise
surprise,fear
surprise,fear
surprise,fear
surprise,surprise
surprise,surprise
surprise,surprise
surprise,surprise
surprise,surprise
surprise,surprise
surprise,surprise
surprise,fear
surprise,surprise
surprise,surprise
surprise,surprise
surprise,surprise
surprise,surprise
surprise,surprise
surprise,surprise
surprise,fear
surprise,surprise
surprise,surprise
surprise,fear
surprise,sadness
surprise,surprise
surprise,surprise
surprise,surprise
surprise,surprise
surprise,surprise
surprise,surprise
surprise,surprise
surprise,surprise
surprise,surprise
surprise,fear
surprise,surprise
surprise,sadness
surprise,surprise
surprise,neutral
surprise,surprise
surprise,surprise
